id;image;source_url;message
1;gfx/items/011.jpg;http://www.google.com/;beautiful flowers in the window
2;gfx/items/261379381_d8fde25053fa.jpg;http://www.google.com/;
3;gfx/items/293704645_b4c6dab8ed99.jpg;http://www.google.com/;
4;gfx/items/144568575661705981_4ade117f9005.jpeg;http://www.google.com/;
5;gfx/items/164471358120532732_a3ae9498ad97.jpg;http://www.google.com/;
6;gfx/items/184290639033145973_71e492dacec6.jpeg;http://www.google.com/;
7;gfx/items/272236897059737539_c4806e0b14c4.jpg;http://www.google.com/;But I must explain to you how all this mistaken idea of denouncing pleasure and praising pain was born and I will give you a complete account of the system, and expound the actual teachings
8;gfx/items/275088534757448505_4f85768f71ec.jpg;http://www.google.com/;Lorem ipsum dolor sit amet, consectetur adipisicing elit, sed do eiusmod tempor incididunt ut labore et dolore magna aliqua. Ut enim ad minim veniam, qui
9;gfx/items/281485446934954481_c04cfc76c018.png;http://www.google.com/;'It is a long established fact that a reader will be distracted by the readable content of a page when looking at its layout. The point of using Lorem Ipsum is that it has a more-or-less normal distribution of letters, as opposed to using ''Content here, content here'', making it look like '
10;gfx/items/389230669370236857_335b7c698687.jpg;http://www.google.com/;'Lorem Ipsum is simply dummy text of the printing and typesetting industry. Lorem Ipsum has been the industry''s standard dummy text ever since the 1500s, when an unknown printer took a galley of type and scrambled it to make a type specimen book. It has survived not only five centuries'
11;gfx/items/1addc6292e97f5f796cf368df5d4b322.jpg;http://www.google.com/;squirel power!
12;gfx/items/6fb3f77d22ddc23305fcd1a2fd8c4e80_1.jpg;http://www.google.com;designed amazingness
13;gfx/items/73f98aae32e30a729bdf1031a78db65a.jpg;http://www.google.com/;Outdoor
14;gfx/items/70602b9d4f965eee1d0345d99622798f.jpg;http://www.google.com/;paris
15;gfx/items/167111313523218252_a6046175bb32.jpeg;http://www.google.com/;relax
16;gfx/items/e315a43813c5533b9f47754406019e24.jpg;http://www.google.com/;cuddle
17;gfx/items/e2110e4545f1cc11043659fdd9c07b43.jpg;http://www.google.com/;
